Id,Name,Description,ReleaseYear,AgeCertification,Runtime,Genres,ProductionCountry,Seasons
0,eius,Illum est odio.,2000,15,107,"quisquam, eligendi",ST,
1,consequuntur,Dolores et fugit corrupti quisquam est voluptatibus sit at.,1939,PG-13,102,"omnis, sit",CK,
2,modi,Rerum dolorem cupiditate rerum quia vel amet quis consequatur.,1991,15,155,"quod, occaecati, ratione",AL,
3,aspernatur,Sint magni et dolor.,1925,TV-Y,178,nam,MH,10
4,ex,Dolorem excepturi excepturi blanditiis nemo impedit repudiandae ab.,1961,9,72,"sunt, quo, architecto",KG,
5,id,Et culpa repudiandae odio rem.,2022,TV-14,93,"ab, quas",FR,
6,voluptatem,Expedita illum laborum dignissimos quod sunt non consequatur.,1994,TV-Y,88,"eligendi, amet, necessitatibus",SN,
7,porro,Corrupti totam architecto iure quisquam ut aliquam quis.,1936,6,97,laudantium,UY,
8,quae,Dolor reprehenderit laborum.,1995,18,74,cumque,BY,
9,dignissimos,Aspernatur architecto sed rerum praesentium error et.,1901,12A,121,quia,UY,4
10,amet,Repellat laborum iste.,1935,EC,180,"vel, rerum, qui",CU,6
11,suscipit,Voluptatem aut tempora qui rerum magni.,1932,M,169,odit,PE,7
12,sequi,Ea quas unde qui blanditiis possimus voluptatem in dolorem maiores.,1976,R18+,84,molestiae,PE,2
13,et,Harum enim consequuntur porro voluptate rerum rerum.,2000,X18,98,"quae, rerum, et",PL,
14,eligendi,Maiores perspiciatis iusto quas ab omnis possimus suscipit numquam.,1959,TV-G,118,qui,SC,
15,non,Ab ipsum expedita reiciendis itaque quos saepe aut cupiditate.,2005,C,107,deserunt,BG,
16,ea,Nulla possimus aliquam impedit.,2022,R16,134,magni,LA,9
17,sapiente,Inventore modi explicabo.,1992,TV-PG,61,pariatur,CY,1
18,fugit,Commodi error deleniti adipisci consequatur.,1966,PG-13,174,"nam, corrupti",FK,
19,iure,Illum saepe recusandae distinctio minima quos et.,1904,18R,109,"distinctio, consequatur, similique",MW,10
20,mollitia,Et expedita nihil.,1967,6,72,"non, recusandae",GP,
21,accusantium,Omnis doloribus non quisquam doloribus.,1949,PG-13,102,"molestiae, unde",EG,
22,consequatur,Omnis rem ab voluptatibus est laudantium.,2016,R16,146,quae,BG,
23,quibusdam,Sint sequi quos repudiandae dignissimos dolorem magni distinctio.,1949,R18+,82,"est, vitae, fuga",CN,4
24,placeat,Id molestias unde quia qui molestiae eius aut.,1976,E,89,est,GH,4
25,beatae,Incidunt eaque magni ipsum est earum consequatur ut itaque.,1947,M/PG,123,"neque, qui",CG,
26,quis,Omnis excepturi incidunt neque.,2002,CA,66,"enim, harum",LV,6
27,incidunt,Qui neque ipsa dolor inventore.,1934,R18+,136,"numquam, maxime, ea",BM,
28,earum,Cumque rerum rem aspernatur ducimus et.,1945,TV-14,138,"enim, odit, voluptas",GD,1
29,voluptates,Optio impedit ut enim excepturi tenetur exercitationem.,1911,S,178,"voluptatum, sit, unde",ZM,
30,corrupti,Sequi laudantium magni ducimus aut et.,1944,AL,71,"aut, ipsa",AO,9
31,consequatur,Impedit quae dolorum nostrum.,1937,TV-Y,119,"omnis, et",KR,
32,non,Nemo est numquam non ab sint totam aspernatur perspiciatis doloribus.,1936,AL,94,"maxime, ex",NP,
33,delectus,Assumenda non est eum ipsam nihil sed.,2012,18,99,temporibus,MS,
34,sint,Maxime reprehenderit quia nulla quia.,1932,R18,157,cum,LS,
35,et,Eaque ducimus suscipit perferendis labore quis itaque ut dolore.,1954,X18,85,sit,UM,9
36,et,Qui et dignissimos repellat aut ut.,2023,EC,160,sequi,DJ,8
37,corrupti,Quia consequatur et earum delectus minus explicabo nobis autem.,1986,M/PG,161,"sapiente, non, id",LC,10
38,omnis,Saepe commodi eum tenetur.,1930,E,71,dolores,LI,
39,architecto,Iusto nostrum neque est voluptatum architecto nostrum.,1979,TV-PG,155,"neque, dolorem",CR,8
40,repudiandae,Facere voluptatem dolores omnis voluptatum consectetur optio ea.,1906,E10+,132,"minima, at, est",AW,9
41,quo,Praesentium recusandae in natus corrupti et.,1912,GP,133,eveniet,UY,10
42,eveniet,Consequuntur et ea dolore quasi esse quo tempore omnis.,1938,MA15+,85,"quod, sit",AE,
43,ducimus,Quo quasi magnam odit dolor non harum.,1990,12A,165,doloremque,DK,5
44,non,Omnis consequatur eum eius rerum.,1954,AL,85,"facilis, nostrum",NC,
45,iure,Omnis cupiditate dolores adipisci ut sed.,1984,U/A,130,"nihil, ipsa",CM,
46,vel,Dolor a in.,1973,18,177,"distinctio, saepe, placeat",MZ,
47,occaecati,Delectus nostrum qui.,2000,R21,134,"quia, repellat",EH,
48,unde,Et itaque libero.,2017,PG-13,99,voluptatem,FM,
49,repellat,Molestiae aut ea nemo harum perferendis eius et aspernatur et.,2003,EC,91,"a, non, molestias",HT,6
50,delectus,Eveniet tenetur vero eum.,1950,R16,95,a,BN,
51,nesciunt,Eligendi aspernatur eius atque expedita nostrum.,1961,MA15+,166,"sit, dolores, ullam",BM,
52,sit,Quam corrupti neque voluptate eligendi.,1924,CA,177,fugiat,GS,3
53,blanditiis,Nam ad id sunt quos et repudiandae.,2017,15,123,"unde, et, quaerat",BE,9
54,ea,Dolore pariatur ut autem ipsum tenetur commodi.,1964,U/A,166,"sint, molestiae",VA,8
55,reiciendis,Consequatur est enim alias officiis quas non aut commodi corrupti.,1937,9,109,"voluptas, quos, dolorem",CM,8
56,deleniti,Officia ut veritatis.,1988,TV-G,169,"velit, sed",EH,
57,occaecati,Rerum magnam voluptates quae et atque est voluptatem.,1960,M/PG,100,"atque, aut, sit",BS,
58,voluptas,Fuga voluptates et vitae dolorem.,1904,CA,180,ut,SC,9
59,ea,Totam distinctio voluptatem molestias nesciunt.,1998,AL,130,deserunt,LA,1
60,nihil,Commodi quaerat corporis inventore voluptas eligendi iste sint cumque et.,1988,E10+,177,dolores,IR,
61,iusto,Ullam impedit deleniti officiis sed quos voluptatem eos eligendi.,1920,M,120,ut,NZ,
62,earum,Corporis odio eos quas id repudiandae provident.,2010,E10+,166,aliquid,CO,4
63,accusantium,Accusantium recusandae voluptas.,1931,NC-17,89,"quia, ut",LS,
64,animi,Aperiam maiores sunt ut sed cumque hic asperiores.,1926,A,98,"facere, rerum, optio",IR,1
65,distinctio,Provident numquam sed qui.,2014,R18,174,ut,MA,3
66,quisquam,Officia ut dolorem commodi cupiditate ea.,1994,R21,162,nam,TL,4
67,aliquam,Dolore velit est molestiae.,2002,TV-Y,88,"sed, minima, quae",AD,4
68,optio,Voluptas quo aliquam veritatis vel quibusdam aspernatur nihil et.,1904,R16,102,error,MS,
69,mollitia,Similique at sit.,2012,M,94,"ipsum, nostrum, ut",BO,
70,reprehenderit,Qui sint velit.,1941,18R,125,"autem, consequatur",MC,
71,eum,Voluptas similique quod.,2001,TV-G,83,"consequatur, qui",GF,
72,illum,Aut inventore eligendi voluptas quia.,1966,9,113,"qui, voluptatum, sit",DZ,9
73,voluptas,Et qui voluptate itaque deleniti pariatur vel repellat.,2013,TV-PG,120,"qui, officiis, minima",DZ,7
74,iusto,Accusamus quia qui dolores id maiores enim dolorum.,1963,PG-13,147,"nihil, tempore, enim",VI,
75,ut,Saepe quaerat quo corrupti rerum quasi et.,1968,TV-MA,146,"excepturi, vitae",DZ,
76,maxime,Iste sint voluptas alias aliquid.,2018,TV-14,103,"quod, iste",KP,7
77,et,Ad et iste blanditiis sint voluptas asperiores porro.,1926,R18,70,"dolore, dignissimos",GN,
78,impedit,Quis et commodi.,1934,GP,61,"facilis, omnis",AX,10
79,id,Aspernatur praesentium et quod et commodi et.,1933,NC-17,132,"et, maxime, qui",CO,4
80,facere,Animi dolorem voluptatem alias et omnis.,1906,15,126,"architecto, nihil, distinctio",RS,3
81,vel,Est aliquid voluptates non distinctio.,1951,U/A,147,nobis,BM,
82,saepe,Dolorem aut sapiente et exercitationem totam deserunt.,1906,NC-17,163,"voluptas, eveniet, totam",AR,1
83,ut,Earum consequuntur harum.,1923,MA15+,137,"reprehenderit, doloribus",FK,
84,inventore,Consectetur qui in.,1925,TV-G,86,"iusto, labore, asperiores",CA,
85,voluptatem,Doloribus ipsum nobis omnis.,1966,AL,101,corrupti,VI,
86,quisquam,Eos dignissimos quis ratione reiciendis.,1982,R16,180,"ut, consequuntur, dolorum",RU,
87,aspernatur,Modi nobis libero sit.,1927,TV-PG,153,"sit, eum",IT,
88,omnis,Numquam aut et debitis amet.,2007,GP,112,"cupiditate, voluptatem, aut",CM,7
89,deserunt,Nam ea odit.,1938,E,112,suscipit,SS,
90,corrupti,Quibusdam nam asperiores commodi quae quis repellat nulla eveniet.,1950,R,123,"tenetur, voluptate, adipisci",RO,
91,qui,Repellat qui id.,1980,TV-MA,138,"id, tempore, et",SX,
92,dolore,Officia magnam dolore voluptate quae.,1950,NC-17,92,et,JE,9
93,sed,Minima aliquid cupiditate cumque at sit qui.,2010,M/PG,97,sed,CX,7
94,est,Voluptatem dolorem quae et iste vel dignissimos illum.,1956,R18+,110,sequi,GQ,4
95,aut,Et veniam vel id ad ea fugit qui repudiandae.,1914,R21,132,"voluptatem, ut, illo",CV,
96,suscipit,Consequatur sapiente hic voluptas ea natus alias exercitationem magni.,1958,R18,132,"tenetur, ullam, est",CR,4
97,iste,Quidem sit corporis assumenda autem deserunt.,1942,G,160,"sunt, autem",IQ,9
98,voluptas,Nobis id assumenda non quia autem magni totam aut omnis.,2015,X18,97,"rerum, temporibus, exercitationem",EG,
99,vitae,Velit eaque tenetur rerum eum voluptatem quod molestiae.,1976,M,117,possimus,BG,1
100,quia,Aut soluta eos itaque.,2017,18R,78,"qui, aut, sequi",SD,8
101,culpa,Quam quaerat itaque omnis cupiditate et quasi.,1963,R18,76,neque,NZ,6
102,aspernatur,Saepe necessitatibus a rerum molestias dolores fuga magni et.,1977,S,113,"in, quas, aut",LR,9
103,iure,Reiciendis autem labore sit repellendus odit animi et.,1902,AL,157,"at, dolore",SA,5
104,consequatur,Et temporibus voluptates et libero recusandae aut ea consequatur.,1907,AL,153,consequuntur,BL,
105,atque,Ut minima consequatur vero ut autem accusantium laudantium porro sunt.,1994,GP,131,"illum, et",EG,6
106,ut,Ut laudantium error blanditiis aut molestiae inventore eum.,1915,18,132,"consequuntur, explicabo, labore",TT,6
107,dolor,Ullam explicabo a ipsum vel.,2006,NC-17,117,"animi, soluta, qui",PG,
108,aut,Autem eaque quis qui autem labore repellat sint.,1970,G,157,"consequatur, ut",NZ,
109,sunt,Id tenetur nobis soluta magni.,2023,R21,130,"incidunt, ut",PH,
110,autem,Laboriosam quae magni praesentium suscipit incidunt.,1955,R18,79,"laborum, corrupti",CU,10
111,voluptas,Nihil necessitatibus perspiciatis adipisci ullam modi voluptatum animi.,1984,TV-MA,177,libero,IO,6
112,consequatur,Pariatur et mollitia enim.,2022,6,125,"fuga, quos, non",TN,
113,qui,Fuga numquam ut et et sit quia.,1926,MA15+,167,"saepe, in, labore",TD,
114,quam,Distinctio ut incidunt sunt hic porro sunt.,2007,R21,111,"ut, voluptatem, placeat",LR,
115,magni,Autem dolorum rem porro atque quaerat.,2019,GP,61,"voluptatem, nihil, iste",GG,
116,quas,Tenetur odio et et aut quaerat.,1955,12A,78,voluptatem,CM,
117,neque,Fuga nesciunt nostrum earum amet sit adipisci et.,1909,PG-13,96,"voluptatum, aut, rerum",BB,10
118,hic,Qui maxime labore rem totam mollitia.,1992,TV-Y,140,"consectetur, temporibus, minima",BD,
119,earum,Placeat quo cupiditate dolores aliquid maxime facilis.,1936,M/PG,145,"nihil, unde",TH,
120,minus,Molestias aliquam qui repudiandae consectetur nihil minus alias quos.,1989,R16,164,qui,CN,
121,eos,Necessitatibus ab consequatur ut aut tempore.,1984,15,124,"et, fugiat, aspernatur",PR,
122,adipisci,Ad illo molestiae consequatur.,1928,CA,77,"perferendis, velit, ea",NL,4
123,nulla,Voluptatem sunt esse eligendi ea non dignissimos.,2019,M,169,tempore,MK,
124,non,Officia eos ratione.,2010,EC,159,molestiae,ST,
125,ex,Qui vel consequuntur labore ducimus voluptatem consequuntur dolor recusandae.,1945,AL,123,"fugit, minima, pariatur",EH,5
126,eum,Optio illo sed.,2016,MA15+,147,ut,SZ,9
127,qui,Autem harum animi asperiores repellat praesentium sunt et.,1978,R18+,149,"ut, aut",ML,
128,velit,Perspiciatis cumque libero et voluptatem voluptatem enim.,1925,PG-13,111,"deleniti, reiciendis",GN,
129,dolorem,Voluptate minima voluptatem rerum cupiditate ut perspiciatis itaque labore repellendus.,1921,R18,96,hic,MZ,9
130,labore,Maxime corporis qui.,1945,G,170,voluptatem,NI,4
131,quis,Omnis vel et asperiores iusto nam nihil accusamus tempore.,1950,TV-G,81,et,FR,
132,et,Est quas impedit eveniet.,1979,E10+,68,"aspernatur, qui",RO,10
133,optio,Neque est soluta provident.,2018,GP,141,"ipsa, est, omnis",BO,1
134,sint,Repellat optio quasi.,1968,15,65,"minus, et",CL,10
135,dolor,Provident voluptatem nemo dolorum consequatur neque itaque.,2012,G,165,non,BV,4
136,et,Tempore nostrum recusandae dolore voluptatem sed ut.,1937,TV-G,139,quisquam,PW,
137,beatae,Quidem recusandae corrupti.,1947,TV-Y7,172,"ut, quae, accusantium",QA,
138,aliquam,Nisi ut fugiat qui et in velit quisquam et quasi.,1911,12,63,in,CM,
139,eum,Dolores aut natus qui.,1998,E10+,134,"quibusdam, non",ER,
140,explicabo,Ab aliquam voluptas quibusdam nulla ab doloribus veniam.,1937,T,73,voluptatem,BQ,
141,iure,Veniam ratione sint blanditiis sapiente error autem.,1931,18R,104,"molestias, natus",LK,
142,fugit,Molestiae quis nemo quos enim alias laudantium dicta voluptas dolorem.,1936,R,171,"expedita, qui, omnis",KI,6
143,hic,Inventore porro sint maxime molestias culpa quia odit numquam.,1914,M/PG,84,et,UM,5
144,et,Incidunt dolor nam fuga similique.,2004,18,122,"est, alias",MD,
145,autem,Odio deleniti sint veniam odit et vel odio.,2010,12A,153,"hic, eius, dignissimos",VN,10
146,dolorem,Molestiae cupiditate mollitia.,1955,TV-14,176,"impedit, aut, autem",TD,
147,quasi,Quidem deleniti cupiditate ipsum illo dolores.,1986,T,60,"sint, molestias, nisi",GH,
148,doloremque,Incidunt iusto est voluptas tempore in.,1919,TV-MA,176,"et, pariatur, fuga",MF,
149,aliquam,Sed ut modi quo officia vel et ullam molestias sit.,2002,M,93,"vel, corporis",UA,6
